{
  "polyglot-lion-1.7b-v1.5": {
    "nsc-singlish": {
      "n_samples": 197,
      "metric": "wer",
      "score": 3.94,
      "latency": {
        "mean": 0.6520789441212936,
        "p50": 0.6357348281890154,
        "p95": 0.9349124200642109,
        "p99": 0.9706535551697015,
        "min": 0.3741323947906494,
        "max": 1.0014129215851426
      },
      "rtf": 0.1155,
      "throughput_xRT": 8.66,
      "total_audio_sec": 1112.2,
      "total_proc_sec": 128.5
    },
    "librispeech-english": {
      "n_samples": 197,
      "metric": "wer",
      "score": 1.62,
      "latency": {
        "mean": 0.9962707392512088,
        "p50": 0.8334469208493829,
        "p95": 1.9724132606759666,
        "p99": 2.5694977657496922,
        "min": 0.21500278543680906,
        "max": 2.769218564964831
      },
      "rtf": 0.1091,
      "throughput_xRT": 9.16,
      "total_audio_sec": 1798.2,
      "total_proc_sec": 196.3
    },
    "fleurs-malay": {
      "n_samples": 197,
      "metric": "wer",
      "score": 8.88,
      "latency": {
        "mean": 1.6258548140232711,
        "p50": 1.5626202868297696,
        "p95": 2.5605831680819393,
        "p99": 2.9998130753263763,
        "min": 0.6689902124926448,
        "max": 3.931312143802643
      },
      "rtf": 0.1438,
      "throughput_xRT": 6.95,
      "total_audio_sec": 2227.3,
      "total_proc_sec": 320.3
    }
  }
}